<?xml version="1.0" encoding="utf-8"?>
<!DOCTYPE hibernate-mapping PUBLIC "-//Hibernate/Hibernate Mapping DTD 3.0//EN"
"http://www.hibernate.org/dtd/hibernate-mapping-3.0.dtd">
<!-- 
    Mapping file autogenerated by MyEclipse Persistence Tools
-->
<hibernate-mapping>
    <class name="com.lichao.bean.Admin" table="admin" catalog="junktrade">
        <id name="id" type="java.lang.Integer">
            <column name="id" />
            <generator class="identity" />
        </id>
        <property name="name" type="java.lang.String">
            <column name="name" length="45">
                <comment>管理员账号</comment>
            </column>
        </property>
        <property name="pwd" type="java.lang.String">
            <column name="pwd" length="45">
                <comment>管理员密码</comment>
            </column>
        </property>
        <property name="head" type="java.lang.String">
            <column name="head" length="200">
                <comment>管理员头像</comment>
            </column>
        </property>
        <property name="timeCreate" type="java.sql.Timestamp">
            <column name="`time _create`" length="19">
                <comment>创建时间</comment>
            </column>
        </property>
        <property name="timeCurrent" type="java.sql.Timestamp">
            <column name="`time _current`" length="19">
                <comment>最近登录时间</comment>
            </column>
        </property>
        <set name="typeses" inverse="true">
            <key>
                <column name="admin_id" not-null="true">
                    <comment>修改人id</comment>
                </column>
            </key>
            <one-to-many class="com.lichao.bean.Types" />
        </set>
        <set name="messages" inverse="true">
            <key>
                <column name="id_author" not-null="true">
                    <comment>发布员id</comment>
                </column>
            </key>
            <one-to-many class="com.lichao.bean.Message" />
        </set>
    </class>
</hibernate-mapping>
