<?xml version="1.0" encoding="utf-8"?>
<!DOCTYPE hibernate-mapping PUBLIC "-//Hibernate/Hibernate Mapping DTD 3.0//EN"
"http://www.hibernate.org/dtd/hibernate-mapping-3.0.dtd">
<!-- 
    Mapping file autogenerated by MyEclipse Persistence Tools
-->
<hibernate-mapping>
    <class name="com.lichao.bean.Comment" table="comment" catalog="junktrade">
        <composite-id name="id" class="com.lichao.bean.CommentId">
            <key-property name="id" type="java.lang.Integer">
                <column name="id" />
            </key-property>
            <key-many-to-one name="user" class="com.lichao.bean.User">
                <column name="id_author" />
            </key-many-to-one>
            <key-many-to-one name="user_1" class="com.lichao.bean.User">
                <column name="id_target" />
            </key-many-to-one>
        </composite-id>
        <property name="message" type="java.lang.String">
            <column name="message" length="65535" not-null="true" />
        </property>
        <property name="isHistory" type="java.lang.Boolean">
            <column name="is_history" not-null="true">
                <comment>是否有效，1代表有效，0代表无效</comment>
            </column>
        </property>
        <property name="timeCreate" type="java.sql.Timestamp">
            <column name="time_create" length="19" />
        </property>
        <property name="timeUpdate" type="java.sql.Timestamp">
            <column name="time_update" length="19" />
        </property>
    </class>
</hibernate-mapping>
