<?xml version="1.0" encoding="utf-8"?>
<!DOCTYPE hibernate-mapping PUBLIC "-//Hibernate/Hibernate Mapping DTD 3.0//EN"
"http://www.hibernate.org/dtd/hibernate-mapping-3.0.dtd">
<!-- 
    Mapping file autogenerated by MyEclipse Persistence Tools
-->
<hibernate-mapping>
    <class name="com.lichao.bean.Goods" table="goods" catalog="junktrade">
        <composite-id name="id" class="com.lichao.bean.GoodsId">
            <key-property name="id" type="java.lang.Integer">
                <column name="id" />
            </key-property>
            <key-many-to-one name="user" class="com.lichao.bean.User">
                <column name="id_owner" />
            </key-many-to-one>
            <key-many-to-one name="types" class="com.lichao.bean.Types">
                <column name="id_type" />
            </key-many-to-one>
        </composite-id>
        <many-to-one name="userByIdBuyer" class="com.lichao.bean.User" fetch="select">
            <column name="id_buyer">
                <comment>购买人id</comment>
            </column>
        </many-to-one>
        <property name="name" type="java.lang.String">
            <column name="name" length="45" not-null="true">
                <comment>商品名字</comment>
            </column>
        </property>
        <property name="timeCreate" type="java.sql.Timestamp">
            <column name="time_create" length="19">
                <comment>发布时间</comment>
            </column>
        </property>
        <property name="timeCanUser" type="java.lang.Integer">
            <column name="time_can_user">
                <comment>已用多少天</comment>
            </column>
        </property>
        <property name="price" type="java.lang.Double">
            <column name="price" precision="22" scale="0">
                <comment>售价</comment>
            </column>
        </property>
        <property name="priceNew" type="java.lang.Double">
            <column name="price_new" precision="22" scale="0">
                <comment>原始售价</comment>
            </column>
        </property>
        <property name="description" type="java.lang.String">
            <column name="description" length="45">
                <comment>描述</comment>
            </column>
        </property>
        <property name="state" type="java.lang.Integer">
            <column name="state">
                <comment>状态：1，正在编辑；2，上架；3，下架；4，卖家发货中；</comment>
            </column>
        </property>
        <property name="rangeOld" type="java.lang.Integer">
            <column name="range_old">
                <comment>几成新：对应1到10等级</comment>
            </column>
        </property>
        <property name="class_" type="java.lang.String">
            <column name="class" length="45">
                <comment></comment>
            </column>
        </property>
        <property name="goodscol" type="java.lang.String">
            <column name="goodscol" length="45" />
        </property>
        <set name="photos" inverse="true">
            <key>
                <column name="goods_id" not-null="true" />
                <column name="goods_id_owner" not-null="true" />
                <column name="goods_id_type" not-null="true" />
            </key>
            <one-to-many class="com.lichao.bean.Photo" />
        </set>
    </class>
</hibernate-mapping>
