<?xml version="1.0" encoding="utf-8"?>
<!DOCTYPE hibernate-mapping PUBLIC "-//Hibernate/Hibernate Mapping DTD 3.0//EN"
"http://www.hibernate.org/dtd/hibernate-mapping-3.0.dtd">
<!-- 
    Mapping file autogenerated by MyEclipse Persistence Tools
-->
<hibernate-mapping>
    <class name="com.lichao.bean.Message" table="message" catalog="junktrade">
        <composite-id name="id" class="com.lichao.bean.MessageId">
            <key-property name="id" type="java.lang.Integer">
                <column name="id" />
            </key-property>
            <key-many-to-one name="admin" class="com.lichao.bean.Admin">
                <column name="id_author" />
            </key-many-to-one>
        </composite-id>
        <property name="message" type="java.lang.String">
            <column name="message" length="65535" not-null="true" />
        </property>
        <property name="timeCreate" type="java.sql.Timestamp">
            <column name="time_create" length="19">
                <comment>创建时间</comment>
            </column>
        </property>
        <property name="isHistory" type="java.lang.Boolean">
            <column name="is_history">
                <comment>是否为历史</comment>
            </column>
        </property>
        <property name="timeUpdate" type="java.sql.Timestamp">
            <column name="time_update" length="19">
                <comment>更新时间</comment>
            </column>
        </property>
    </class>
</hibernate-mapping>
