<?xml version="1.0" encoding="utf-8"?>
<!DOCTYPE hibernate-mapping PUBLIC "-//Hibernate/Hibernate Mapping DTD 3.0//EN"
"http://www.hibernate.org/dtd/hibernate-mapping-3.0.dtd">
<!-- 
    Mapping file autogenerated by MyEclipse Persistence Tools
-->
<hibernate-mapping>
    <class name="com.lichao.bean.Photo" table="photo" catalog="junktrade">
        <composite-id name="id" class="com.lichao.bean.PhotoId">
            <key-property name="id" type="java.lang.Integer">
                <column name="id" />
            </key-property>
            <key-many-to-one name="goods" class="com.lichao.bean.Goods">
                <column name="goods_id" />
                <column name="goods_id_owner" />
                <column name="goods_id_type" />
            </key-many-to-one>
        </composite-id>
        <property name="name" type="java.lang.String">
            <column name="name" length="200" not-null="true" />
        </property>
        <property name="photocol" type="java.lang.String">
            <column name="photocol" length="45" />
        </property>
    </class>
</hibernate-mapping>
