<?xml version="1.0" encoding="utf-8"?>
<!DOCTYPE hibernate-mapping PUBLIC "-//Hibernate/Hibernate Mapping DTD 3.0//EN"
"http://www.hibernate.org/dtd/hibernate-mapping-3.0.dtd">
<!-- 
    Mapping file autogenerated by MyEclipse Persistence Tools
-->
<hibernate-mapping>
    <class name="com.lichao.bean.Types" table="types" catalog="junktrade">
        <id name="id" type="java.lang.Integer">
            <column name="id" />
            <generator class="identity" />
        </id>
        <property name="name" type="java.lang.String">
            <column name="name" length="45" not-null="true">
                <comment>商品种类：分别有：书籍、家具、家用电器、手机、其他.等</comment>
            </column>
        </property>
        <property name="timeCreate" type="java.sql.Timestamp">
            <column name="time_create" length="19">
                <comment>创建时间</comment>
            </column>
        </property>
        <property name="isShowFirst" type="java.lang.Integer">
            <column name="is_show_first">
                <comment>是否在首页显示：1表示显示，0表示不显示</comment>
            </column>
        </property>
        <set name="goodses" inverse="true">
            <key>
                <column name="id_type" not-null="true">
                    <comment>类型id</comment>
                </column>
            </key>
            <one-to-many class="com.lichao.bean.Goods" />
        </set>
    </class>
</hibernate-mapping>
