<?xml version="1.0" encoding="utf-8"?>
<!DOCTYPE hibernate-mapping PUBLIC "-//Hibernate/Hibernate Mapping DTD 3.0//EN"
"http://www.hibernate.org/dtd/hibernate-mapping-3.0.dtd">
<!-- 
    Mapping file autogenerated by MyEclipse Persistence Tools
-->
<hibernate-mapping>
    <class name="com.lichao.bean.User" table="user" catalog="junktrade">
        <id name="id" type="java.lang.Integer">
            <column name="id" />
            <generator class="identity" />
        </id>
        <property name="name" type="java.lang.String">
            <column name="name" length="45" not-null="true">
                <comment>用户账号</comment>
            </column>
        </property>
        <property name="pwd" type="java.lang.String">
            <column name="pwd" length="45" not-null="true">
                <comment>用户密码</comment>
            </column>
        </property>
        <property name="phone" type="java.lang.String">
            <column name="phone" length="15">
                <comment>用户手机号</comment>
            </column>
        </property>
        <property name="head" type="java.lang.String">
            <column name="head" length="200">
                <comment>用户头像路径</comment>
            </column>
        </property>
        <property name="timeCreate" type="java.sql.Timestamp">
            <column name="time_create" length="19">
                <comment>用户创建时间</comment>
            </column>
        </property>
        <property name="timeCurrent" type="java.sql.Timestamp">
            <column name="time_current" length="19">
                <comment>用户最近登录时间</comment>
            </column>
        </property>
        <property name="rangeSell" type="java.lang.Integer">
            <column name="range_sell">
                <comment>卖主等级:1,青铜；2，白银；3，黄金；4，钻石</comment>
            </column>
        </property>
        <property name="rangeBuy" type="java.lang.Integer">
            <column name="range_buy">
                <comment>买主等级:1,青铜；2，白银；3，黄金；4，钻石</comment>
            </column>
        </property>
        <property name="power" type="java.lang.Integer">
            <column name="power">
                <comment>用户权限:1，可买卖；2，只可买；3，只可卖；4，功能被限制</comment>
            </column>
        </property>
        <property name="bankCard" type="java.lang.String">
            <column name="bank_card" length="45">
                <comment>银行卡卡号</comment>
            </column>
        </property>
        <property name="email" type="java.lang.String">
            <column name="email" length="45">
                <comment>邮件名称</comment>
            </column>
        </property>
        <property name="realName" type="java.lang.String">
            <column name="real_name" length="45">
                <comment>真实姓名</comment>
            </column>
        </property>
        <property name="address" type="java.lang.String">
            <column name="address" length="45">
                <comment>收货地址</comment>
            </column>
        </property>
        <set name="commentsForIdTarget" inverse="true">
            <key>
                <column name="id_target" not-null="true">
                    <comment>评论的目标用户</comment>
                </column>
            </key>
            <one-to-many class="com.lichao.bean.Comment" />
        </set>
        <set name="goodsesForIdOwner" inverse="true">
            <key>
                <column name="id_owner" not-null="true">
                    <comment>卖主id</comment>
                </column>
            </key>
            <one-to-many class="com.lichao.bean.Goods" />
        </set>
        <set name="commentsForIdAuthor" inverse="true">
            <key>
                <column name="id_author" not-null="true">
                    <comment>评论员用户id</comment>
                </column>
            </key>
            <one-to-many class="com.lichao.bean.Comment" />
        </set>
        <set name="goodsesForIdBuyer" inverse="true">
            <key>
                <column name="id_buyer">
                    <comment>购买人id</comment>
                </column>
            </key>
            <one-to-many class="com.lichao.bean.Goods" />
        </set>
    </class>
</hibernate-mapping>
