<?xml version="1.0" encoding="UTF-8"?>
<beans
	xmlns="http://www.springframework.org/schema/beans"
	xmlns:xsi="http://www.w3.org/2001/XMLSchema-instance"
	xmlns:p="http://www.springframework.org/schema/p"
	xsi:schemaLocation="http://www.springframework.org/schema/beans http://www.springframework.org/schema/beans/spring-beans-4.1.xsd http://www.springframework.org/schema/tx http://www.springframework.org/schema/tx/spring-tx.xsd" xmlns:tx="http://www.springframework.org/schema/tx">


	<bean id="sessionFactory"
		class="org.springframework.orm.hibernate4.LocalSessionFactoryBean"
		p:dataSource-ref="dataSource">
		<property name="configLocation"
			value="classpath:hibernate.cfg.xml">
		</property>
	</bean>
	<bean id="transactionManager"
		class="org.springframework.orm.hibernate4.HibernateTransactionManager">
		<property name="sessionFactory" ref="sessionFactory" />
	</bean>
	<tx:annotation-driven transaction-manager="transactionManager" />
	
	<bean id="persistenceUser"
		class="com.lichao.persistence.PersistenceUser" abstract="false"
		lazy-init="default" autowire="default" p:userDAO-ref="UserDAO">
	</bean>
	<bean id="persistenceAdmin" class="com.lichao.persistence.PersistenceAdmin"
		abstract="false" lazy-init="default" autowire="default"
		p:userDAO-ref="AdminDAO">
	</bean>
	<bean id="dataSource"
		class="org.springframework.jdbc.datasource.DriverManagerDataSource"
		abstract="false" lazy-init="default" autowire="default"		
		p:url="jdbc:mysql://localhost:3306/junktrade"
		p:username="Felcx" p:password="TZLaiomy" p:driverClassName="com.mysql.jdbc.Driver">
	</bean>
	
	<bean id="AdminDAO" class="com.lichao.bean.AdminDAO">
		<property name="sessionFactory">
			<ref bean="sessionFactory" />
		</property>
	</bean>
	<bean id="UserDAO" class="com.lichao.bean.UserDAO">
		<property name="sessionFactory">
			<ref bean="sessionFactory" />
		</property>
	</bean>
	<bean id="CommentDAO" class="com.lichao.bean.CommentDAO">
		<property name="sessionFactory">
			<ref bean="sessionFactory" />
		</property>
	</bean>
	<bean id="MessageDAO" class="com.lichao.bean.MessageDAO">
		<property name="sessionFactory">
			<ref bean="sessionFactory" />
		</property>
	</bean>
	<bean id="GoodsDAO" class="com.lichao.bean.GoodsDAO">
		<property name="sessionFactory">
			<ref bean="sessionFactory" />
		</property>
	</bean>
	<bean id="PhotoDAO" class="com.lichao.bean.PhotoDAO">
		<property name="sessionFactory">
			<ref bean="sessionFactory" />
		</property>
	</bean>
	<bean id="TypesDAO" class="com.lichao.bean.TypesDAO">
		<property name="sessionFactory">
			<ref bean="sessionFactory" />
		</property>
	</bean>
	</beans>