<?xml version='1.0' encoding='UTF-8'?>
<!DOCTYPE hibernate-configuration PUBLIC
          "-//Hibernate/Hibernate Configuration DTD 3.0//EN"
          "http://www.hibernate.org/dtd/hibernate-configuration-3.0.dtd">
<!-- Generated by MyEclipse Hibernate Tools.                   -->
<hibernate-configuration>

	<session-factory>
		<property name="myeclipse.connection.profile">
			MySQL Connector/J
		</property>
		<property name="dialect">
			org.hibernate.dialect.MySQLDialect
		</property>
		<property name="connection.password">TZLaiomy</property>
		<property name="connection.username">Felcx</property>
		<property name="connection.url">
			jdbc:mysql://localhost:3306/junktrade
		</property>
		<property name="connection.driver_class">
			com.mysql.jdbc.Driver
		</property>
		<mapping resource="com/lichao/bean/Admin.hbm.xml" />
		<mapping resource="com/lichao/bean/User.hbm.xml" />
		<mapping resource="com/lichao/bean/Comment.hbm.xml" />
		<mapping resource="com/lichao/bean/Message.hbm.xml" />
		<mapping resource="com/lichao/bean/Goods.hbm.xml" />
		<mapping resource="com/lichao/bean/Photo.hbm.xml" />
		<mapping resource="com/lichao/bean/Types.hbm.xml" />

	</session-factory>

</hibernate-configuration>