<?xml version="1.0" encoding="UTF-8"?>
<!DOCTYPE struts PUBLIC "-//Apache Software Foundation//DTD Struts Configuration 2.0//EN" "http://struts.apache.org/dtds/struts-2.0.dtd">

<struts>

	<constant name="struts.devMode" value="false"></constant>
	<package name="lichao" extends="struts-default">
	
		<action name="index" class="com.lichao.action.HelloAction">
		     <result>/index.jsp</result>
		</action>
		<action name="*User" class="com.lichao.action.UserAction" method="{1}">
		     <result name="success">/jsp/register.jsp</result>
		     <result name="login">index.jsp</result>
		</action>
		<action name="*Admin" class="com.lichao.action.AdminAction" method="{1}">
		     <result name="success">/jsp/register.jsp</result>
		     <result name="login">index.jsp</result>
		</action>
	</package>
</struts> 